userName,score,at,content,pelabelan 3 kelas, 
PUTRI AYU,5,2022-11-05 17:58:58,Sudah tf tapi tidak di terima ke penerima,negatif,
Fandi Cebol,5,2022-11-05 17:58:23,pembaruan terus,netral,
tapit Aviet,3,2022-11-05 17:55:41,Tolong lah di perbaiki lagi saya tidak merasa kirim tapi saldo tiba - tiba berkurang otomatis,negatif,
CS ONLINE AKUN PEMILIK,5,2022-11-05 17:54:19,baik sekali aku suka,positif,
Tata Udin,2,2022-11-05 17:53:33,Saya uninstall dana dan beralih ke gopay. Pertama entah kenapa pertama dibuka selalu freeze dan lemot pdhl internet saya cepat. Kedua suka gak bisa scan qr saat di shell. Saya buat antrian panjang. udah gitu gabisa dan pakai cash jadinya. Terima kasih untuk 5 bulannya,negatif,
Sarnata Atok,3,2022-11-05 17:51:31,cukup puas,netral,
Ricko AS,1,2022-11-05 17:50:16,Proses penindaklanjutan laporan sangat lama,negatif,
Andika Fazri,5,2022-11-05 17:49:09,Saya sangat suka dengan aplikasi DANA ini. Transaksi semakin mudah dengan adanya aplikasi DANA. Ditingkatkan lagi buat aplikasi tersebut untuk mencakup semua transaksi dalam semua bidang apa saja.,positif,
Wakil ID,1,2022-11-05 17:48:58,Kalo lupa pin solusinya hanya hubungi cs? Terlalu ribet. Kenapa tidak langsung ke nomer simcard yg terdaftar lalu verifikasi wajah. Buatlah lebih mudah.,negatif,
Agung Nugroho,3,2022-11-05 17:45:41,Transaksi saya pending dari tanggal 25 oktober 2022  dana sudah kesedot tetapi tidak sukses saya sudah komplain tetapi tidak ada feedback Dana saya tidak balik  gimana ini kelankutannya,negatif,
Andre Andrean,5,2022-11-05 17:45:40,oke,netral,
Sunstrikez The Sun,1,2022-11-05 17:45:19,Ini kenapa fitur bayar tagihannya kok ilang. Jadinya ga bisa bayar pln pam tolong diperbaiki,negatif,
Deden Fattah89,5,2022-11-05 17:44:12,Saya masukin uang dari Snack video ke dana tiba - tiba hilang,negatif,
Pri Yadi,5,2022-11-05 17:42:55,ini aplikasi eror terus.. awal nya aja lancar.. makin kesini eror terus gk bisa tf,negatif,
Pipin Apriansyah Apri,5,2022-11-05 17:41:19,Oke aja,netral,
Denny Sukma triana,5,2022-11-05 17:40:02,Sangat berguna untuk menyimpan dan pembayaran,positif,
wong gambut,5,2022-11-05 17:39:35,aplikasi dana,netral,
Zr. clarabonitas,5,2022-11-05 17:38:28,Live chat ga direspon. kirim email ga ada respon juga,negatif,
Ig: Kulisisik,1,2022-11-05 17:38:05,Aplikasi yg buruk buat transaksi customer service nya jg berbelit-belit,negatif,
Riki Setiawan,5,2022-11-05 17:37:34,Bagus banget dana skrg ini dari mulai upgrade sampai setelah di upgrade beda banget ya Lemot total Perbaiki tolong donk Ini menyangkut bisnis saya dan saldo saya Tolong diperbaiki Setelah di premium malah jadi pertalite,negatif,
Su Kiyo,5,2022-11-05 17:35:47,Layanannya bagus,netral,
Yanz Sunda,5,2022-11-05 17:32:24,sangat berguna sekali,positif,
Andhy Camel,5,2022-11-05 17:28:47,Sangat mambantu,positif,
Indra Budi,5,2022-11-05 17:28:13,gooe,netral,
Mamad Gebeur,5,2022-11-05 17:26:43,Sangat berguna,positif,
KHOIRUN NIZAM,3,2022-11-05 17:25:09,Kenapa sekarang susah banget apgrade full servis,negatif,
wijaya Viky,1,2022-11-05 17:21:43,Min kenapa dana saya gk bisa di buka padahal saya hbis isi dana,negatif,
Edi Karmono,2,2022-11-05 17:21:37,Kok akun dana saya bisa kembali ke awal padahal udah di upgrade ke premium tolong dong di bantu agar akun dana saya bisa kembali ke premium lagi agar bisa bertransaksi lagi dengan lancar gak ada kendala Saya udah coba upgred ke premium lagi tetep gagal terus di mohon bantuannya bapak/ ibu pemilik appk saya mohon banget segera di konfirmasi untuk bisa ke akun dana premium lagi trimakasih,negatif,
Ceppuad Detailing,5,2022-11-05 17:21:31,Pokoknya,netral,
Ahmad Iwan,5,2022-11-05 17:19:32,dana cukup memuaskan,positif,
Ahmad Sopian,5,2022-11-05 17:19:29,saya suka Aplikasi ini,positif,
satrio mobic,1,2022-11-05 17:13:23,Gara dana saldo saya hilang sebesar 7.500.000 sudah komplen melalui email blm ada jawaban padahal itu transaksi yang lumayan untuk saya dan terkendala begini melayang sudah saldo saya 7.5 juta ya,negatif,
Septian Abdurrohman,1,2022-11-05 17:12:26,Sitem sibuk terus bangsaad,negatif,
Afrilia Lia,5,2022-11-05 17:08:05,mantapppppp,positif,
Biman Tara,5,2022-11-05 17:08:05,Knpah akun saya tiba tiba di bekukan Tanpa alesan,negatif,
alwi Caka,5,2022-11-05 17:07:47,Sangat baik dan membantu,positif,
Dadan Rosada,5,2022-11-05 17:06:59,Dana ga seperti dulu yang lancar dan mudah. sekarang buka apapun loading lama banget,negatif,
Rival Maulana,1,2022-11-05 17:05:20,APLIKASI BUSUK SISTEM SELALU SIBUK SARAN GUA MENDING PINDAH KE OVO AJA,negatif,
Okky Munggara,5,2022-11-05 16:57:59,bagus membantu sekali,positif,
Andreas Brayen Wattimena,2,2022-11-05 16:56:09,Ribet banget jd premium. Udah upload ktp. Malah minta berkas lainnya. Ishh.. mengalahkan pinjol. Uangku jd gak bisa d tarik. Ah taik lah,negatif,
Sapar Marpaung,5,2022-11-05 16:56:01,sukses,positif,
Ijn Èï∑ÈñÄ Nagato,1,2022-11-05 16:53:09,Ngirim uang dari Paypal ke Dana gabisa malah alhasil Uang di Paypal saya yg Hangus dan gabisa balik padahal CMA ini satu-satunya Hal yg bisa Dilakukan freelancer seperti saya,negatif,
Fitria Ngalifatun,5,2022-11-05 16:51:34,bagus,positif,
Andre Kurnia,5,2022-11-05 16:51:00,gatau lagi ini app,netral,
Irwan Kurniawan,5,2022-11-05 16:47:20,mudah digunakan,positif,
Alam Syah777,5,2022-11-05 16:47:15,susah ngirim ke atm,negatif,
Noor Ikhsan Imynadhi,5,2022-11-05 16:43:25,Mudah-mudahan bisa,netral,
Syafrizal Efendi,4,2022-11-05 16:41:45,oke.bnget,positif,
Ahmad Kamil,5,2022-11-05 16:39:57,apa kah benar ini dapat uang,netral,
ahmad ikbar iki,5,2022-11-05 16:39:54,cba aja dlu,netral,
Pandi Supriyandi,5,2022-11-05 16:38:53,ok membantu,positif,
Aakaji12 Aakaji12,1,2022-11-05 16:38:11,Kenapa akun dana saya di beku kan dan saldo saya gimana itu di dana tolong di usul akun dana saya,negatif,
Indotani Indotani,3,2022-11-05 16:36:59,Bagus sekali,positif,
Fikar nurdiansyah,2,2022-11-05 16:36:25,Tiap mau transfer pending terussssss,negatif,
Wari doank Doank,1,2022-11-05 16:35:38,Knp susah banget dana ya. Upgrade. Nya.,negatif,
Sakti Pratama,3,2022-11-05 16:35:32,Kenapa gak bs di downlpad,negatif,
Andre Campus,1,2022-11-05 16:34:37,kenapa jdi error setiap masuk keluar sendiri masuk akun iagi saya minta penjelasan...,negatif,
Dede Suryana,5,2022-11-05 16:34:00,good,positif,
Jy Sinda,5,2022-11-05 16:29:33,Apk Dana Memang Lah,netral,
Rafiq Alizaim,5,2022-11-05 16:26:58,bagus,positif,
Fatur Rahman,2,2022-11-05 16:26:07,Saya transfer dari mbanking ke dana sampe skrng belum masuk Coba tolong proses dengan cepat,negatif,
Rat Now,5,2022-11-05 16:25:58,bagus,positif,
Anggi Kusnadi,5,2022-11-05 16:25:20,kenapa dana ini,netral,
Rizky Martin Firdiyan,1,2022-11-05 16:22:13,Kenapa gabisa di update? Tolong perbaiki,negatif,
Yandri Yan,5,2022-11-05 16:21:16,Hilang sudah kepercayaan sama ini aplikasi. 950rb ilang setelah bertahun-tahun pakai ini aplikasi langsung dong jelek gw ksh rating,negatif,
febri Arma,5,2022-11-05 16:16:36,pertama kali ini pake dana,netral,
Guns Cell,5,2022-11-05 16:16:05,Mantap banget pakek Dana segala urusan transfer dan isi pulsa jadi lebih mudah dan gampang üëç,positif,
Darwin Delonge,4,2022-11-05 16:15:32,Sangat bagus,positif,
Velaya,4,2022-11-05 16:14:54,Udah dua kali upgrade ke dana premium awalnya berhasil terus beberapa hari kemudian diturunin lagi. Ditanya masalahnya apa tapi CS kayak nggak kerja.,negatif,
Deri Ansyah,5,2022-11-05 16:13:27,semoga membantu,netral,
Samsul Alam,5,2022-11-05 16:09:16,apk mantap tpi tolong di tambah lagi gratis pengiriman ke bank,positif,
Niaa Kurniati,5,2022-11-05 16:06:07,sangat bagus,positif,
Iwan Coy,4,2022-11-05 16:04:03,coba dulu ah,netral,
Galih Pratama,4,2022-11-05 16:03:18,keren app dana ini,positif,
Ujang Purnama,5,2022-11-05 16:02:38,dana aplikasi paling keren dana cepat kirim dan transaki cuma hitung detik langsung cair,positif,
Briyan Widiyanto,1,2022-11-05 16:02:02,Aq kasih bintang 1dulu karena slalu d suruh upgrade dan harus foto KTP setiap mau kirim dana. tolong perbaiki biar banyak penggunanya,negatif,
Bang Kotel,5,2022-11-05 16:01:32,ok,netral,
Yayan Sopian,5,2022-11-05 15:59:49,Sangat buruk. saya sebagai pengguna e-wallet dana kecewa karna dipersulit saat ingin diupgrade ke dana premium. mohon diperbaiki aplikasinya,negatif,
Cahyo,1,2022-11-05 15:58:54,Sering eror laporan tidak pernah dibantu,negatif,
GINDO HARAHAP,4,2022-11-05 15:55:25,mantaf lah...,positif,
Sawar Dinata,4,2022-11-05 15:54:57,Apk nya bagus merasa terbantu,positif,
Aldo Kph,5,2022-11-05 15:54:40,mantulll ( mantap betull ),positif,
yusupsupian,5,2022-11-05 15:53:49,Menbantuk saya segala hal,positif,
Maya Sari,3,2022-11-05 15:52:58,bagus,positif,
Boni Parma,5,2022-11-05 15:51:48,sangat memuaskan,positif,
AHMAD HAMDANI,5,2022-11-05 15:49:32,Saya sudah beberapa kali melakukan pengajuan pengembalian dana tapi tidak pernah acc,negatif,
Sawar Dinata,5,2022-11-05 15:48:43,Merasa terbantu sekali pas transaksi apapun,positif,
Tri Tri,5,2022-11-05 15:47:02,Sangat praktis,positif,
Edo Jukarim,5,2022-11-05 15:46:02,Applika dana ini sangat memuaskan bisa menabung uang tanpa biaya,positif,
Ktt Project,1,2022-11-05 15:45:53,saya sangat kecewa transaki saya di tanggal 14 oktober 2022 di jam 10.50 sampai sekarang tanggal 5 november 2022 belum sama sekali ada kejelasan terkait transaksi yang saya keluhkan saya chat ke admin tidak ada respon.,negatif,
Apri Yadi,5,2022-11-05 15:45:53,Bagus sekali,positif,
Putri Azza,1,2022-11-05 15:43:15,Nggak bisa ditransfer,negatif,
channel aqua,2,2022-11-05 15:42:39,agak lelet,negatif,
didik riyadi,5,2022-11-05 15:42:08,sangat membantu,positif,
Sabar Islamic99,3,2022-11-05 15:40:00,puas,positif,
Muhammad salman Salman,5,2022-11-05 15:37:50,aplikasi sangat membantu saya,positif,
Bibin Juniansyah,5,2022-11-05 15:37:02,Saya suka,positif,
Kamal pratama,5,2022-11-05 15:36:50,bagus,positif,
Ujang Reny88,4,2022-11-05 15:34:09,mantap banget,positif,
Nasun Achun,5,2022-11-05 15:33:16,sangat membantu saya.... terima kasihüòòüôè,positif,
Badri Fajar,5,2022-11-05 15:32:11,mudah mudahan bermanfaat,positif,
Hadi Rama,5,2022-11-05 15:32:05,mantap,positif,
Mhelantania abi ami dan naila,1,2022-11-05 15:30:42,Sudah lama memakai aplikasi ini..baru sekarang saya top up tapi saldonya ngak masuk ada apa neh dengan DANA gara events yg ngk jelas malah rusak semuanya üòñüòñ,negatif,
Wulan Sari,1,2022-11-05 15:29:58,Pas belum di isi saldo masih aman setelah ada saldo nya mau ngirim bolak balik keluar terus tolong dong min.,netral,
Maini Marsun,5,2022-11-05 15:27:58,Terkasih,positif,
Andy Rolas,3,2022-11-05 15:27:21,say a ksih 3 dulu ok,positif,
Vania Fahra aulia01,5,2022-11-05 15:27:20,bagus,positif,
tony tony,5,2022-11-05 15:27:10,okeehh,positif,
abdie purnakurniawan,5,2022-11-05 15:26:57,dana sangat terpercaya dan sangat puas,positif,
Astuti Herwan,5,2022-11-05 15:26:51,apa salah saya? kenapa tak bisa membuka menu riwayat,negatif,
Zakharia Parera,1,2022-11-05 15:26:17,Di android 6 setelah update dari playstore malah terdeteksi aplikasi tidak resmi mohon dibantu,negatif,
Anom Gavinci,1,2022-11-05 15:26:05,Kenapa selalu sibuk di setiap mau transfer padahal sinyal bagus,negatif,
Octa 2610,5,2022-11-05 15:25:12,mantap ini aplikasi,positif,
Erwin Blus,4,2022-11-05 15:24:24,Mantap bagus apk nya,positif,
Febri Gilang Ramadan,1,2022-11-05 15:24:21,Apa2n duit langsung motong blok buat apa gua bikin pin,negatif,
IMAM ROFI'IE,5,2022-11-05 15:21:36,selagi gak ada bunga DANA masih is the bes wkwkwkw,positif,
Az Zaid,1,2022-11-05 15:21:16,Afrikasi yg terbaik,positif,
Alliando Halim,1,2022-11-05 15:20:20,NYESEL SAYA PAKAI DANA Saya bermain goama game saya dapat 50.000 tapi kenapa kok tidak bisa diambil sedangkan poin dana saya berkurang ngadain event kok nggk jelas baru ratusan orang yg main sudah koid dana poin sudah habis dapat 50.000 nggk bisa di ambil malah di buat error SCAMM EVENT PENIPUAN Lebih Bagus E-Wallet Sebelah tiap transaksi ada Cashback  Aplikasi DANA MENGECEWAKAN. UNNISTALL saja,negatif,
Deni Sahrudin,5,2022-11-05 15:20:16,Sangat terpercaya,positif,
Auval Mario,5,2022-11-05 15:19:12,Untuk pihak Dana kenapa akun dana saya atas nama orang lain ya? jadi saya tidak bisa login akun dana saya,negatif,
Dewi Astrini,1,2022-11-05 15:18:29,selalu sistem sedang sibuk setiap kali transfer,negatif,
Miftahul Azhar,1,2022-11-05 15:17:58,Kok saya keblok tapi ga bisa di buka tolong di bantu di buka min,negatif,
Riki. Kusumah18,3,2022-11-05 15:15:37,Bagai mana aktifin lg no dana yg no nya hilang mohon pencerahan nya dong. Padahal udh di kait kan sama akun gmail,netral,
Wulan Permata sari,1,2022-11-05 15:14:00,Dana versi terbaru semakin mengecewakan lemotnya minta ampun. Tolong dong diperbaiki. Sangat sangat mengecewakan dan tidak recomended banget,negatif,
Music Musisinya,5,2022-11-05 15:12:30,Keren Sekali,positif,
Sugiyono Yono,5,2022-11-05 15:12:22,Ok sangat membantu,positif,
Yoko Sugianto,5,2022-11-05 15:07:39,sangat membantu transaksi,positif,
Muhammad Rahmat,5,2022-11-05 15:07:21,sangat membantu,positif,
Muhamad Taufiq,5,2022-11-05 15:05:32,Aplikasinya bagus banget makanya sy kasih 5 bintang.,positif,
Mas Eko Channel,5,2022-11-05 15:05:12,Dompet digital yang bagus recomended deh pokoknya,positif,
Hesti Andini,3,2022-11-05 15:04:01,sistem ditingkatkan,netral,
Karsono Hadi,5,2022-11-05 15:04:01,memudahkan transaksi üëçüëç,positif,
Ikhsan Aryadi,5,2022-11-05 15:02:42,bermanfaat,positif,
Aldi Yansyah,1,2022-11-05 15:02:31,Hati hati sama aplikasi dana uang saya ke sedot 300ribu tanpa sepengetahuan saya. Saya minta pulang uang saya 300 ribu. Tolong lah di perbaiki lagi. Tanpa sepengetahuan saya uang hilang tanpa memasukan pin uang hilang. Hati hati sama aplikasi ini.,negatif,
Uci Trisnawati,1,2022-11-05 15:02:06,2 kali Topup Berhasil Saldo tidak Bertambah.. Proses pengembalian Belum ad kabarnya.. tolong diperbaiki kembali,negatif,
Net Ayla,5,2022-11-05 15:01:56,Apk nya bagus banget coba sekarang,positif,
Ari wijayanti,5,2022-11-05 15:01:54,sangat baik dgunakan ketika melakukan pembayaran,positif,
Rusly Dj,5,2022-11-05 15:01:36,aplikasinya bagus banget,positif,
kisw anto,5,2022-11-05 15:00:47,Tolong dong untuk dana di upgrade lagi adain fitur cetak struk sama bisa ganti harga jual.. soalnya apk. DANA ini membntu saya untuk usaha (berjualan) maksih.. semoga di respon,negatif,
Kartika Tika,5,2022-11-05 14:58:07,Mantul,positif,
Imam Darmawan,2,2022-11-05 14:57:17,memuaskan,positif,
Farian syah,5,2022-11-05 14:57:13,Semoga dapat menjadi lebih baik lagi,positif,
Andri Ys,5,2022-11-05 14:54:23,Sangat membantu,positif,
Dudi Wahyudin,4,2022-11-05 14:54:04,pas,netral,
Asnawi Husin,5,2022-11-05 14:53:37,oky,netral,
Produksi sawit kuansing,5,2022-11-05 14:53:31,Bintang sudah bicara ternyata Dana sudah meningkat kan kinerja nya semoga sukses,positif,
GERRY BOY,5,2022-11-05 14:52:57,syg kurang bnyak gratis transfer nya,netral,
Haqqi Nazeely,5,2022-11-05 14:51:59,sangat bagus,positif,
Hendri Suhendri,3,2022-11-05 14:51:35,sangat baik,positif,
SIBOY TERLANTAR,5,2022-11-05 14:51:31,good,positif,
Dimas Keppler,5,2022-11-05 14:50:48,Banyak bug gak bisa di pencet,negatif,
Dedy Iskandar,5,2022-11-05 14:50:04,aplikasi sangat baik,positif,
ANNAS ABRORI,5,2022-11-05 14:49:51,Deaf tuli.,netral,
fbr dg,5,2022-11-05 14:49:19,sangat membantu,positif,
Mufti Syahdan Nabil,1,2022-11-05 14:48:22,Rugi banget beli voucher a+rewards google play tapi voucher nya gak bisa di pakai aduuhhhhh udh mencoba lapor ke customer servicenya malah gak di balas....,negatif,
Isma Wati,5,2022-11-05 14:45:15,mantep pake dana tdk ribet,positif,
linda ardianti (linda adrianti),4,2022-11-05 14:43:31,Sekrang lebih sering eror,negatif,
Agus Regal,3,2022-11-05 14:43:28,Selalu sistem sibuk jadi males pakai dana,negatif,
LILI,3,2022-11-05 14:42:58,dana bedanya apa,netral,
Noval,2,2022-11-05 14:38:17,Eh tolong dong gua lupa pin dana nya mau menghubungi juga susah tolong di perbaiki kaya dulu Enak langsung bisa ganti ulang pin sekarang harus menghubungi dulu!,netral,
adam fahri,2,2022-11-05 14:38:10,Dana ini mesti klo di penting eror Mulu heran dah,negatif,
Mas Eko,1,2022-11-05 14:37:15,Apk busuk gak berlaku sekarang juga bayar. Apalgi masuknya aja dipersulit gimana mau jalan tf dah mulai bayar,negatif,
Ren Karen,1,2022-11-05 14:36:47,Kok gk bisa masuk akun saya sih. Gk ada respon nya padahal sinyal bagus. Aku uninstal trs instal lagi tpi sama saja gk mau masuk ke akun ku,negatif,
·¥á·¥õ·¥á Ä…¥…™·¥õ è,3,2022-11-05 14:36:46,Saya main danapoly dapet dana belance 1x terus pas dapet yang ke dua nya katanya kesempatan sudah habis padahal batas dapet nya 2x saya baru 1 kali mohon antisipasinya,negatif,
mansyur duka dalam cinta,5,2022-11-05 14:36:15,proses cepat & lancar,positif,
Jejen Jaenudin,1,2022-11-05 14:35:50,Sekarang gratis kirim ke bank 5x. miris lur. Bot,negatif,
Achmad Zainul arifin,5,2022-11-05 14:34:29,mantabbbbb,positif,
eligabel gabel,4,2022-11-05 14:34:09,sangt bagus,positif,
giok pratama,1,2022-11-05 14:33:08,Gimana sih gw komplain tapi ga ada respon nya,negatif,
Febryan Febryan,5,2022-11-05 14:32:45,saya suka dengan apk dana ini,positif,
Uye Suyatman,5,2022-11-05 14:32:25,sangat membantu,positif,
Raditya Naufal Dheidan,1,2022-11-05 14:32:09,Kenapa WA Dana Care Setiap mau Chat selalu jawabanya Sedang Pemeliharaan? Mau Pengaduan Lewat Yg Lain Susah Banget Terus Ini yg Terbaru ngadain event gk Jelas Namanya Danapoly Muter2 Ngabisin Danapoint Sekalinya Dapet 50k malah Kesempatan Habis Parah Loh Sekarang Jadi Kayak penipuan,negatif,
koko 99cell,1,2022-11-05 14:31:57,Udah beberapa kali update premium tetep aja gagal agak kecewa sih jadi ga bisa buat transaksi tolonglah min perbaiki lagi ampas emang lah,negatif,
Akli Moch Galih,1,2022-11-05 14:31:17,Pante duid gua dah masuk eh mau ngirim kaga bisa tolol banget apk nya.,negatif,
Dede Bahri,1,2022-11-05 14:31:11,Parah upgrade ny gk bs krm k akun dana tmn gw kecewa parah,negatif,
Sagirah User,4,2022-11-05 14:31:09,saya sangat puas,positif,
rifki tile alghifari,3,2022-11-05 14:28:40,Dana goalnya kadang nggak bisa toling diperbaiki ,negatif,
Wedang Cibodas,1,2022-11-05 14:28:00,Sangat buruk. kenapa baru aja donlot mau login. malah di bekukan akun saya payah. padahal baru ngisi lagi Tolong benerin lagi akun saya,negatif,
Supri Yadi,3,2022-11-05 14:27:31,Buat kirim kirim ke teman gak bisa balik trus ke beranda pdhl udah di perbarui,negatif,
4nr4KU _77,5,2022-11-05 14:27:12,sangat di percaya benar2 nyata. terimakasih. dana... transfer tanpa biaya.. mantab,positif,
Alien_ Gaming,1,2022-11-05 14:27:12,Kok ga bisa temenku transfer di dana  nomer tidak di temukan pdhal ada,negatif,
Andul Rohman,5,2022-11-05 14:26:49,berkualitas,positif,
i Boyyy,1,2022-11-05 14:26:14,ADA EVENT UDAH DAPET GA BISA DICLAIM ANEH BANGET...,negatif,
Sapna Ketapang,5,2022-11-05 14:24:48,Sanggat jelek banget gak ada guna,negatif,
Jaenall Fratama,5,2022-11-05 14:23:47,Kak kenapa gak bisa transaksi apah lagih gangguan,netral,
Arifin Noor,1,2022-11-05 14:22:34,Payah Saya sama sekali tidak pernah menggunakan KTP di akun DANA NAMUN SETELAH SAYA COBA DAFTAR KE AKUN PREMIUM DI TOLAK DENGAN ALASAN KTP SUDAH PERNAH DI PAKAI. JIKA MEMANG SUDAH PERNAH DI PAKAI TOLONG SEBUTKAN NAMA ORANG YANG MEMAKAI KTP SAYA DAN SEBUTKAN NOMOR HANDPHONE AKUN YANG MEMAKAIN KTP ATAS NAMA SAYA. JIKA KALIAN TIDAK BISA MEMBUKTIKAN ARTINYA KEAMANAN AKUN DI APLIKASI DANA INI BOCOR ARTINYA TIDAK AMAN ATAU RAWAN DI CURI DAN PENIPUAN. HATI-HATI YANG SUDAH MENDAFTAR KTP KALIAN.,negatif,
Adi Rockstar,5,2022-11-05 14:22:27,Bagus,positif,
Ahmad Syukur,1,2022-11-05 14:21:57,PARAH BENER PARAH... NGEADAIN EVENT DANA POLY GILIRAN DAPET 50K GA ADA MASUK SALDONYA.. PARAH PARAH PARAHHH MAN!!,negatif,
achmad rey,5,2022-11-05 14:21:37,Saya beli pulsa 25.000 dan 6000 terus kenapa pulsanya belum bisa masuk ya? Tolong respon lebih chatüôè,netral,
ajs sf,1,2022-11-05 14:18:19,Bikin event gaje hadiah ga bisa diclaim,negatif,
Adel Adelia,5,2022-11-05 14:18:16,saya sangat senang dengan aplikasi dana sangat mudah buat bertransaksi apa pun dan di mana pun. maka nya saya lasi bintang 5,positif,
Majwa La fani,5,2022-11-05 14:16:52,merasa puas,positif,
Rini Rismayanti,2,2022-11-05 14:15:19,Sering transaksi tapi tidak dapet poin,netral,
Raza Rey,1,2022-11-05 14:13:34,Sering maintenent gk bisa transfer. Pesan sistem sedang sibuk gimana coba kalau orang bener bener lagi urgent duitnya gk bisa di ambil gara gara maintenent kecewa untuk saat ini,negatif,
Yagami CHANNEL,1,2022-11-05 14:13:16,Udah 3thn pake dana blum muncul danapaylater gimana ni padahal transaksi udh puluhan juta,negatif,
Mochryan27@gmail.com Mochryan,1,2022-11-05 14:13:15,Kok gak bisa TF ya kak knp tadi bisa kak,negatif,
Tundo H√∂r√∂,5,2022-11-05 14:13:14,dompet digital terpercaya,positif,
RIOKO SURYA WIJAYA,1,2022-11-05 14:12:05,TOPUP KE ALFAMART KENAPA GANGGUAN MULU,negatif,
Giyanto123 Yanto,5,2022-11-05 14:11:41,allhmdllh bagus puas,positif,
Dimensi Com,5,2022-11-05 14:11:23,mantap,netral,
Achonk Oi,5,2022-11-05 14:10:53,jossss gandosssss,netral,
Antoni Toni,5,2022-11-05 14:10:39,sangat membantu,positif,
Sarmat Oxs,1,2022-11-05 14:10:34,Sangat tidak puas dengan apk dana ini tiba2 gak bisa di buka udh berapa kali di coba tetap aja gk bisa di buka,negatif,
Linda Nurhayati,5,2022-11-05 14:10:29,sangat baik dan membantu,positif,
Sean Cell,1,2022-11-05 14:08:38,ADA MASALAH GA DI RESPON!,negatif,
Tri Aditya,1,2022-11-05 14:08:25,Dana sy kenapa susah dibuka. Sudah 3x verifikasi juga tidak bisa,netral,
Novii,5,2022-11-05 14:08:13,M. A. N. T. A. P,positif,
Widi Susanto,5,2022-11-05 14:08:12,istimewa,positif,
SUGIMIN,5,2022-11-05 14:07:45,oky dana üëç,netral,
Naser Hasen,4,2022-11-05 14:06:53,Ok,netral,
Dini Arwinda,5,2022-11-05 14:06:37,ok,netral,
Yuliana Sm,5,2022-11-05 14:06:31,aplikasi yg sangat bagus mempermudah bertransaksi,positif,
eza ferdinand,1,2022-11-05 14:05:22,Buruk banget support nya di email dan open tiket permasalahan dari hari jumat sampai skrg blm ada update apa apa,negatif,
Choirul Arifin,5,2022-11-05 14:05:15,app sangat membantu,positif,
Anak Pettama,5,2022-11-05 14:04:21,sangat membantu,positif,
fadin Chef pitung Jepara,5,2022-11-05 14:03:29,terimakasih kerja sama nya,positif,
Nadia Rosi,1,2022-11-05 14:02:30,2x komplain gara byr tiket kereta pake QRIS dana  dananya ke potong tp tiketnya ga ada. Sampe 2 kali di komplain ujug diblg masalah selesai pdhl tidak ada penggantian. Iya memang ga seberapa cuma 90rb tp kn bukan masalah nominal tp tanggung jwb. Kapok bgt pake dana,negatif,
Capten Faqoth,1,2022-11-05 14:01:44,Hello to my funds I can't top up 5.000.000,negatif,
Nur Rahmadani,3,2022-11-05 14:01:33,mantap,netral,
Agus Felix,5,2022-11-05 14:00:15,baik banget,positif,
TOPIK HIDAYAT HIDAYAT,5,2022-11-05 13:58:58,Dana premium sangat memudahkan saya untuk bertransaksi bayar tagihan listrik BPJS pulsa data dan kirim antar bank. sekarang lebih mudah lagi dan cepat,positif,
Hengky Suprianto Hengky,3,2022-11-05 13:58:00,Saya mau tanya saya sempat salah transfer saldo ke nomor dana saya yg nomor pertama nomor dana saya saya ganti ke nomor dana saya yang baru Kira-kira uang di nomor dana lama hangus gak ya dan bisa kah nomor dana lama di masukan lagi ke nomor dana..? Maksudnya di kembali kan lagi ke nomor dana pertama,negatif,
Murdhany,5,2022-11-05 13:57:51,Banyak memberi manfaat,positif,
Adhi Soeryanto,1,2022-11-05 13:57:18,Parahnya kebangetan makin di update makin lemot..,negatif,
adi solihin,5,2022-11-05 13:57:16,mudah dan peraktis dalam bertransaksi,positif,
Rais Hermawan,4,2022-11-05 13:57:00,Saya sangat suka pake dana...tapi syg akun kena bajak orang lain..dan sampai saat ini keamanan akun saya blm bisa di perbaiki.,netral,
asari ari,5,2022-11-05 13:56:58,tingkatkan lagi,netral,
Galuh Gibran,4,2022-11-05 13:56:49,bagus aplikasi kasi nya,positif,
Salman Vi,2,2022-11-05 13:56:10,Mau di update ko malah eror,negatif,
Wan Wan,1,2022-11-05 13:53:59,Ini kenapa dah sama dana bentar¬≤ sistem sibuk bentar¬≤ sistem sibuk ada apa sama dana. Mau narik dana gak bisa transfer gak bisa. Tahan aja terus uang nya,negatif,
basir ya basir,5,2022-11-05 13:53:35,Berbayar yang terbaik,positif,
Ari mei juanda Ari mei juanda,5,2022-11-05 13:53:30,ok,netral,
Dodak Gaming,2,2022-11-05 13:52:05,Sering kali gangguan,negatif,
faris setyanto,5,2022-11-05 13:51:21,Riwayat transaksi mohon bisa diupgrade lagi agar bisa dihapus,negatif,
Nimas Nabila,5,2022-11-05 13:50:38,suka pake aplikasi ini. kirim uang cepet banget,positif,
Ronaldo eka putra,1,2022-11-05 13:50:11,Kok makin susah login nya ya min??,negatif,
moh syibli,5,2022-11-05 13:49:41,Tolong ditambah fitur paylater,negatif,
Osman Ali,5,2022-11-05 13:49:16,Siip,netral,
Dar Yono,4,2022-11-05 13:49:03,sangat cocok digunakan,positif,
Muza Kir,1,2022-11-05 13:48:49,Tolong di perbaiki kenapa stiap mau transfer sistem selalu sibok padahal jaringan bagus,negatif,
Nasep Sahroni,2,2022-11-05 13:48:44,fitur pulsa dan data knp,netral,
listiawati wati,5,2022-11-05 13:46:33,Sangat bagus,positif,
Rifyal Fauzan,1,2022-11-05 13:46:27,Parah event gajelas dpt 50k tapi ga masuk malah stack!!!,negatif,
Naima 123,1,2022-11-05 13:45:16,Mau login susah hm,negatif,
AKDP Hendra ST,1,2022-11-05 13:44:13,Tidak bisa upgrade premium,negatif,
Muhammad Taufik,5,2022-11-05 13:43:45,ok,netral,
Agung Nugroho (87),4,2022-11-05 13:43:41,Entah kenapa aplikasi ini sekarang,netral,
Kibuyut Begang123,4,2022-11-05 13:43:06,bagus,positif,
Anysa Wardah,5,2022-11-05 13:40:05,sangat membantu buat yg punya bisnis tranfer,positif,
Septiana Sumardi,3,2022-11-05 13:40:04,claim bonus ga pasti,netral,
Febri Yani,1,2022-11-05 13:39:55,Saya transfer sudah 2 hari tidak ada kejelasan diproses entah sampai kapan . Cs dihubungi gak respon,negatif,
Syafri Djodi,2,2022-11-05 13:38:42,Update an 11.11 ngawurm menunya ga keliatan semua,negatif,
Merzon Aulia,1,2022-11-05 13:38:18,Lanjuut,netral,
RICO RINO,1,2022-11-05 13:36:23,masalah saya blm selesai saldo saya belum masuk sebesar 5jt tolong di cek!!!!!,negatif,
Khey Brigez (Kheyla),5,2022-11-05 13:36:05,Buat pihak dana tolong bantu akun saya no nya Angus ga bisa masuk di dalamnya ada saldonya,negatif,
Wahyu 21,4,2022-11-05 13:34:54,Akun dana saya diambil orang bisakah pihak dana memblokirnya ??,negatif,
Ardilla Sitiardilla,5,2022-11-05 13:34:32,pakai dana sangat mudah bertansaksi,positif,
Alfis Hia,1,2022-11-05 13:34:25,Halo kak saya melakukan deposit qris dan saya mengalami Transaksi pending sebesar 35000 dan saldo nya masih pending sampe sekarang Mohon untuk penyelesaian nya kak üòì,negatif,
Nanag Gg,5,2022-11-05 13:34:03,semoga aman aman saja aplikasi ini,netral,
Wulan Sari,5,2022-11-05 13:33:48,semoga kedepan ny menjadi lbh baik lgi,netral,
Gutri Setya Andrita,1,2022-11-05 13:32:35,Gak aman bgt duitku selalu kepotong keqmana sangat rendah cari duit susah yang ngabisi gtau siapa udh laporan tapi gaada kejelasan. Alih aplikasi aja si saranya sayang uang dicari susah kebuang gtu aja,negatif,
Muhammad Ma'ruf,3,2022-11-05 13:32:05,terima kasih,netral,
Toni Fajar,1,2022-11-05 13:31:51,Iya oke transaksi non tunai dan non kartu tapi kenapa harus upgrade premium dulu untuk transfer? Katanya mempermudah tapi nyata ? Ribet kebanyakan a b c atau d,negatif,
Teguh Slalustiaslamanya,5,2022-11-05 13:31:20,Saya ingin membuat akun cuma no ini sudah di pakai ortu tp akun ini dah tidak di pakai jadi saya ingin pakai hanya saja lupa pinnya dan ortu saya sedang pergi keluar kota jadi bisa di bantu?,netral,
Hastuti Makmur,5,2022-11-05 13:30:50,lebih senang lagi kalo dapat hadiah,netral,
Mhey Oninda,1,2022-11-05 13:30:06,buruk,negatif,
Dian Efendi,1,2022-11-05 13:29:13,Bohong dapet 50k ga ada tolol lah,negatif,
Aa Nanda,4,2022-11-05 13:28:48,membantu dalam segala hal,positif,
Leni wijayanti,5,2022-11-05 13:28:31,mohon bantuannya ka. knpa stiap kali buat upgrade biar jd premium selalu gagal pdahal data udh komplit semua,netral,
desika hongkong,5,2022-11-05 13:27:55,bagus untuk transfer allhamdulilah lancar dan amanah.,positif,
Irfan Cahyono,5,2022-11-05 13:27:37,baru pake selama dua bulan,netral,
mas yudi,1,2022-11-05 13:26:28,Kecewa bngt aplikasi udah 1 minggu gak bisa di gunakan kan,negatif,
Vina Lailatul,5,2022-11-05 13:26:08,bagus,positif,
Bari Sriono,5,2022-11-05 13:26:06,coba dulu,netral,
ade batin rimansyah,5,2022-11-05 13:25:38,Dengan apk dana ini sangat membantu,positif,
SANDI MUHAMMAD FAHMI,4,2022-11-05 13:24:39,mantappu jiwaü§©ü§©ü§©,positif,
Shodikun,5,2022-11-05 13:24:14,pakek dana siap bertransaksi kapan aja di mana aja asl kn ada,positif,
ADI SAPUTRA,5,2022-11-05 13:23:00,baik,positif,
Lidah Buaya Ayu,1,2022-11-05 13:22:45,Vocer kirim uang tidak bisa dipakai semakin aneh. Semakin lemot tampilan menunya buruk kebanyakan menu.,negatif,
srg andi,4,2022-11-05 13:21:37,mengirim lebih mudah,positif,
Adi Setiawan03,5,2022-11-05 13:20:58,Oke bagus,positif,
Habibie 92,1,2022-11-05 13:20:06,Apl banyak bohong  bilang dpt duit di danapoly dana balance Rp.50k giliran udh dpt pas posisi di balance 50k . Mana dpt hadiahnya apl modus,negatif,
Arif Assus,1,2022-11-05 13:19:20,Bos.. kenapa saya main dadu di point' rewart sudah dapat 50 kenapa tidak masuk.... dan malah point' saya yg tinggal 8 malah hilang.. yg bener boss,negatif,
Era baru,1,2022-11-05 13:18:43,Kok gak bisa login yah?,negatif,
Yus 0102,1,2022-11-05 13:17:44,Tidda bisa dftar ggal terus,negatif,
Ilyas Jr,1,2022-11-05 13:17:35,Sangat buruk.. pada tanggal 04 november 2022 03:07 saya melakukan transaksi tapi sampai saat ini transaksi saya masih juga dalam proses sudah menghubungi bantuan tapi tida ada respon sama sekali,negatif,
Vivo Vivo,1,2022-11-05 13:17:19,Stelah dihapus terus di download lagi kok gk bisa masuk,negatif,
fahri jancok,4,2022-11-05 13:17:04,di coba,netral,
Saidi Hafid,5,2022-11-05 13:16:47,Sngat mmbantu,positif,
yanti Oktaviani,5,2022-11-05 13:16:28,siiip sngat mmbantu,positif,
Ang Wardani,5,2022-11-05 13:15:06,aneh sekali,netral,
Vidyafarhanah 689,5,2022-11-05 13:13:17,sangat bermangpaat sekali mantap,positif,
Mahesa Ghoni W,1,2022-11-05 13:13:11,Saya sudah menggunakan apk ini untuk transaksi dll tapi please lah ini kenapa sering sistem sedang sibuk kalo semisal di ATM saya ga kepotong gara gara dana nya sistem nya sibuk Its oke ini saya jadi kena potong 5 ribu setiap transaksi gagal gara sistem sedang sibuk mana saya coba 10x lagi 5 ribu tuh kali 10 yang mau topup jadi kurang harus ngisi lagi memang kadang ente benerin dah jadi ga nyaman saya pake nya rate 0 sih kalo masih kayak gini,negatif,
Dede Suratma,5,2022-11-05 13:13:08,Saya sudah premium taping lol tiba-tiba gagal premium kenapa?????,netral,
AsepAbdurachman Rachman,5,2022-11-05 13:12:00,Saya suka sekali dengan cara nya Dana memberi petunjuk kepada Saya tp ada yang belum tahu cara mengambil uang kes nya,positif,
Syahril Dhifa,5,2022-11-05 13:11:56,Kenapa kok g bisa di buka tolong dong,negatif,
virgogirl,1,2022-11-05 13:11:41,Mengapa selalu sistem sibuk,negatif,
Nyokap Gulo,5,2022-11-05 13:10:51,cara update bagaimana,netral,
siti aziizahfirdaus,1,2022-11-05 13:10:16,Kayaknya lagi banyak menangani keluhan yah lama banget proses pengaduan juga.,negatif,
Aep Saep,5,2022-11-05 13:09:08,sabgat membantu,positif,
Well Mengontol,1,2022-11-05 13:09:00,Apk babi yg lain dapat danapolly 50k enak dituyul yg lain ga kebagian,negatif,
Shann ML,1,2022-11-05 13:08:08,Kembaliin akun gw lah min masa cuman hbis reset data hp akun gak bisa ke buka lgi  saat mau login malah timbul arahan buat disuruh hubungin customer care  mna pas udh di telpon ga ada respon apa apa lgi yg ada pulsa habis kesedot,negatif,
Ata,5,2022-11-05 13:07:19,Selama ini oke2 aja,positif,
suhe ndra,5,2022-11-05 13:07:13,ngelag hpnya,netral,
Didik Usa,1,2022-11-05 13:06:14,INI KENAPA DARI KEMAREN SIBUK TERUSSS????,negatif,
Risandi Aja,5,2022-11-05 13:06:13,Krm kode otp,netral,
Deri Nopriansyah,1,2022-11-05 13:05:56,kacau cs tidak bisa memberikan penyelesaian sudah 3 hari proses nya selalu sedang ditindak lanjuti tanpa ada penyelesaian,negatif,
Mayang Uzuma,4,2022-11-05 13:05:23,agak ribet yg sekarang untuk transaksi ya,negatif,
Rojali jali,5,2022-11-05 13:05:00,gooood,positif,
Andi Erika,5,2022-11-05 13:04:32,gokil,netral,
reynaldy abimanyunoor01,1,2022-11-05 13:04:16,Aplikasi sampah pelayanan lambat untuk pergantian akun uninstal saja lebih baik pake ovo/ gopay,negatif,
Fahmi Shilvana Group (FSG),5,2022-11-05 13:03:22,FSG,netral,
Slamet Budiono,5,2022-11-05 13:03:19,mantap,positif,
Zaherta Week,5,2022-11-05 13:03:07,Saya coba beberapa x untuk apk dana kenapa selalu gak bisa ya,negatif,
Diki Cahya,5,2022-11-05 13:02:52,sangat bagus,positif,
Fikri Anggara,5,2022-11-05 13:00:42,Kok menu top up e berubah,netral,
donny tumiwa,5,2022-11-05 13:00:27,lancar dan mudah,positif,
Syamsul Arifin (piN't),1,2022-11-05 13:00:02,Kalo gini terus..kapan saya bisa tarik saldo ?üò¢ü§ß,negatif,
Siti Sofiyah,5,2022-11-05 12:59:32,update mulu ini,netral,
Sobirin Azmi,5,2022-11-05 12:59:06,istimewa,positif,
Ariyan Ferdiansyah,1,2022-11-05 12:58:46,Kok saya tidak bisa narik saldo Dana Bisnis ya ada tulisan Verifikasi gagal karena alasan keamanan,negatif,
Mislum Mislum2,5,2022-11-05 12:58:36,game yg bagus,netral,
Dirman Lesmana,5,2022-11-05 12:58:21,cukup puas transaksi gampang,positif,
Niko Rohadi,1,2022-11-05 12:57:52,System sibuk padahal sudah update. Why?,negatif,
Arsi Mila,4,2022-11-05 12:57:46,ok terimakasih,netral,
Habi Morta,5,2022-11-05 12:57:30,semoga aplikasi lebih baik lagi,netral,
Andri channel,5,2022-11-05 12:53:32,bagus,positif,
Selly Evianti Makikama,5,2022-11-05 12:52:28,membantu skali,positif,
Aceng Boceng,5,2022-11-05 12:50:58,sangat membantu mantap pokoknya,positif,
Mana Kutahu,5,2022-11-05 12:50:56,terMantabbbs,positif,
Saiful Rizal,1,2022-11-05 12:49:57,buruk.. gk bisa di buka.. Mau transfer slalu gagal.. Hapus aja lah,negatif,
Muchammad Erchan,5,2022-11-05 12:49:56,bagus,positif,
Dian Harjaka,5,2022-11-05 12:48:19,membantu,positif,
Al Machzumy,5,2022-11-05 12:47:23,useful,positif,
Nico Albian,3,2022-11-05 12:46:38,biarkan bintang yang bicara,netral,
Jambee Motor,5,2022-11-05 12:44:51,assalamualaikum semoga aplikasi dana ini bagus trus selamanya tidak ada gangguan apa pun. semoga di gampangkan milik rejekinya aamiin...,positif,
yulis saputra,5,2022-11-05 12:44:16,god job,netral,
Cantikahaer Cantikahaer,4,2022-11-05 12:43:47,bagus x cepett..,positif,
Pola Boy,1,2022-11-05 12:43:04,goooddd,positif,
Atang Hermawan,5,2022-11-05 12:40:52,dana top markotop selalu jadi andalan ku ....mantapppppp,positif,
Wulan Putri,5,2022-11-05 12:40:08,Btw mau nanya dong. Cara mengatasi memiliki permintaan upgrade akun yang sedang dalam proses verifikasi,netral,
saroni roni,5,2022-11-05 12:39:09,Oke,netral,
Aprillia Nurarfani,5,2022-11-05 12:37:48,sangat puas dan pengiriman cepat,positif,
Fauzan Nasrlloh,5,2022-11-05 12:37:32,aplikasi yang bagus,positif,
Annisa Nurhidayati,5,2022-11-05 12:37:04,aplikasinya mudah dgunakan ekonomis dan banyak pilihan transaksi,positif,
Nor Aziza,1,2022-11-05 12:37:00,Aplikasinya tidak bisa dibuka,negatif,
Karim Muwloh,5,2022-11-05 12:36:55,sangat oke sekali,positif,
Sholihin 94,1,2022-11-05 12:36:54,Apa yang terjadi dengan dana semalem masih bisa login sekarang enggak bisa kecewa sungguh sayang sekali pdhl sangat membantu masyarakat Indonesia,negatif,
Aris Nuryanto,1,2022-11-05 12:36:17,Apa¬≤ an ini setiap di upgrade gagal trus tp perintahnya gitu¬≤ trus udh 4 hri nyoba tetep aja ga bisa buat transfer buat ngirim sama aja ga guna udahan rugi aku top up,negatif,
My_ KONTAK,5,2022-11-05 12:36:14,mantap,positif,
Santang Wijaya,5,2022-11-05 12:36:09,Aman mantap. Sukses truss,positif,
ryan adheansyah,5,2022-11-05 12:35:55,aplikasi bagus buat transfer meskipun harus ke dana premium,positif,
Selvi Pbg,5,2022-11-05 12:35:44,sanggat bagus,positif,
ADAMI MUHAMMAD,1,2022-11-05 12:33:51,Ini bisa di login lagi apa tidak bisa login lagi. Jawab. Sudah ganti no HP nya sudah masuk smsnya OTP itu di artikan nomornya udah masuk ke akun saya pada bulan Agustus. Pada hari ini rebed sudah SMS ke imel nya udah tapi di balas jangan kasih orng lain itu OTP itu orng lain tapi saya tidak kasih orng lain cuma yang di SMS aja saya tahu nomornya. Gini aja bisa login apa tidak bisa lagi di artikan gak bisa lagi saya bingung jadi kasih aja kecewa iklan aja bagus teryata apa dat jawaban pun tdk ada,negatif,
yuli seftiana,1,2022-11-05 12:33:17,Sistem sibuk gimana si mau tf kaga bisaaa udh di update ttp aja gabisa.,negatif,
dwi ratna,5,2022-11-05 12:32:45,mantap,positif,
Sept1 Yant1,5,2022-11-05 12:32:34,dana keren,positif,
Tosiah Tosiah,3,2022-11-05 12:32:32,Baru mengenal merasa tertarik,netral,
Yayan Melodic,2,2022-11-05 12:29:12,Kenapa tidak bisa buat akun baru ya fast respon dong,negatif,
Entin Kartini,2,2022-11-05 12:27:10,Ok bagus...,positif,
Muhammad Raihan,5,2022-11-05 12:26:58,bagus sekali,positif,
Agung Wicaksana,5,2022-11-05 12:25:56,Aplikasi andalan. Ketika lgi sibuk ama kerjaan kita masih bisa membayar listrik bayar PDAM isi pulsa dll.. bintang 5 untuk apk iniüëç,positif,
Kirso kuming,5,2022-11-05 12:25:26,Ya mksih,netral,
Alia Asyari,5,2022-11-05 12:24:28,ya sangat mendukung kegiatan,positif,
Nur Hasanah,5,2022-11-05 12:24:16,Mantap,positif,
Yusuf Ms,5,2022-11-05 12:24:12,Bagus dan simpel,positif,
Ratna Gumilar,5,2022-11-05 12:23:54,sangat membantu,positif,
Ali Munawar,5,2022-11-05 12:22:28,Dana lgi eror atau gmna ini dri tdi menunggu trus kirimnya tpi saldo udh kepotong,negatif,
Ras Stiadi,5,2022-11-05 12:22:27,mantap.. tp hp saya kentang memori sering penuh,positif,
Indra Stones,5,2022-11-05 12:20:41,Mantap dan sangat membantu,positif,
Dede Suherman,5,2022-11-05 12:20:32,sangat bagus dan sangat mudah tuk transaksi,positif,
Su T,5,2022-11-05 12:20:30,bagus bebas biaya admin,positif,
Ichsan Juara,4,2022-11-05 12:20:01,Sangat membantu transaksi gua,positif,
Ahmad Sanusi,5,2022-11-05 12:19:50,mantap,positif,
Belajar Berdiri sendiri,5,2022-11-05 12:19:50,ok,netral,
Erlivia Julia,5,2022-11-05 12:19:38,sangat membantu dan juga sangat memuaskan,positif,
Koko Sunandar,2,2022-11-05 12:19:20,Sekarang selalu gangguan mulu,negatif,
Aldi Renaldi,2,2022-11-05 12:18:12,karna akun pribadi di persulit sya kash bintang 2,negatif,
Kicak Kok,1,2022-11-05 12:17:53,Apk ini tidak bisa di upgrade di hp saya,negatif,
Fadhiljr 020,5,2022-11-05 12:14:50,sangat membantu,positif,
muhammad agusman,4,2022-11-05 12:13:30,sementara bintang 4 dlu. nnt ditambahi lg klo gk sering2 uninstal,netral,
HABYNAR,5,2022-11-05 12:13:20,good,positif,
Yusup Bachtiar,1,2022-11-05 12:13:15,Transaksi berhasil tapi tidak sampai ke no rekening tujuan di cek mutasi gak ada pengiriman bagaimana ini dana,negatif,
Threehayati Hayati,5,2022-11-05 12:13:07,bagus,positif,
Muhammad Arifin,5,2022-11-05 12:12:47,sangat membantu,positif,
Danial Rasyid,1,2022-11-05 12:11:40,tidak dapat mentransfer uang ke rekening,negatif,
endar martha,5,2022-11-05 12:11:18,app cepat,positif,
Arai Alvina,1,2022-11-05 12:10:25,Dikasih keluhan cuman iya iya doang diperbaiki mah kagak asuuuüò°,negatif,
Anggit cahya Cahya,1,2022-11-05 12:08:29,Terlallu banyak .sistem sibuk malesin!!!!!,negatif,
paman gober,1,2022-11-05 12:07:57,Setiap ada event selalu something wrong mah apa mah Kalo niat Ngadain event jangan setengah2 kita udah verifikasi ktp tetep something wrong. Jgn buat event kalo kek gt Kecewa berat,negatif,
Nana Ruslan,5,2022-11-05 12:07:54,transfer isi pulsa top up cepat sangat bagus,positif,
Rizki Ramadhan,1,2022-11-05 12:04:56,Event 1.1 nya eror danapolly nya juga tulisannya no campaign padahal sampek tgl 8 tolong diperbaiki,negatif,
Achmad Suwento,1,2022-11-05 12:03:42,Untuk upgrade dana premium selalu gagal  parah,negatif,
Pipit Fitria asih jayanti,5,2022-11-05 12:02:26,bagus,positif,
Surtinih Tinih,1,2022-11-05 12:00:53,Kenapa sistem sibuk terus aduh gimana si,negatif,
Dika Tasdikin,5,2022-11-05 11:59:23,alhamdulilah terima kasih dana. selalu terpercaya.,positif,
Cahyadi,1,2022-11-05 11:59:07,Sangat tdk profesional dlm mengatasi/ menyelesaikan mslh utk gagal transaksi tdk bs auto refund dan mesti menunggu hingga tiada kabar,negatif,
arill Sahrilll,2,2022-11-05 11:58:26,Kok saya dapat 50k dari DANAPOLY ga cair min gmna sih,negatif,
Resti Agizni,5,2022-11-05 11:58:03,sangat mudah dalam bertransaksi,positif,
Ira Nurul aeni,3,2022-11-05 11:57:32,masih aman,netral,
aldi lampung,5,2022-11-05 11:57:23,Insallah mantap,positif,
Ulil Anwar,1,2022-11-05 11:57:04,Susah upload ktp ga sukses - sukses bikin premium,negatif,
Wandi Apriansyah,5,2022-11-05 11:55:58,tingkatkan lagi ..,netral,
S Riyaldi,1,2022-11-05 11:55:41,Knpa e-wallet dana skrng kaya gini sih error' Mulu apa karena perbaharuan sistem,negatif,
Sapril Hasibuan,5,2022-11-05 11:55:14,sangat membantu,positif,
Supini Supini,5,2022-11-05 11:53:59,sangat bermanfaat,positif,
Vicky Inzalex,5,2022-11-05 11:53:52,Good,positif,
Marwah Safa,5,2022-11-05 11:53:43,mantap,positif,
Marvel Nathan,1,2022-11-05 11:52:53,Game goama bohong dpat Rp 50k tp gak muncul bacaan  selamat anda mendapatkan Rp 50k ,netral,
Ndes Ayey,5,2022-11-05 11:52:50,bagus,positif,
Siti Aminah,5,2022-11-05 11:52:38,sangat berguna dan membantu,positif,
Ahmad Amir,5,2022-11-05 11:52:14,oke,netral,
Sri Harwoto,5,2022-11-05 11:52:14,Aku suka. jadi punya tabungan g ribet,positif,
AMAL RISKI,3,2022-11-05 11:52:07,yap,netral,
Muhamad_ Rafli,5,2022-11-05 11:51:49,bikin mudah,netral,
Novita Sari,5,2022-11-05 11:51:34,Mantap,positif,
Imam Asyari,5,2022-11-05 11:51:32,Bagus banget......,positif,
Doni Setiadi,1,2022-11-05 11:50:00,Ayolah dana sampai kapan transaksi ditunda. Uang hilang transaksi macet. Kalau emang gk bisa kembalikan saldonya jangan berlarut - larut. Sudah 5 hari tidak kunjung kembali. Laporan lewat email jg hanya disuruh menunggu. Parah2.,negatif,
Fadli Basri,5,2022-11-05 11:48:27,good,positif,
Rahmat Fauzi,1,2022-11-05 11:46:32,Sangat buruk saya sudah Update ke premium sudah sering melakukan transaksi sekarang tiba tiba gagal premium mau di Update lagi susah sudah seminggu gagal terus,negatif,
Iwan Ahmad,5,2022-11-05 11:46:20,good,positif,
Crystal Ameera,5,2022-11-05 11:46:11,Ok,netral,
Andika Prabowo,1,2022-11-05 11:44:56,Awalnya bagus dulu sekarang¬≤ menjadi jelek buat transfer dari dana ke luar selalu gagal Jaringan Sibuk,netral,
Idm Kdr,1,2022-11-05 11:44:55,Bikin darting. lemot,negatif,
Agus Rian,5,2022-11-05 11:44:22,aplikasinya bagus,positif,
Arwan Jr,5,2022-11-05 11:44:00,good,positif,
Muhammad Syafiq,5,2022-11-05 11:43:56,Muhammad syafiaq,netral,
rian tjoe,1,2022-11-05 11:43:40,Sudah 22 jam dari pemesanan. Sampai saat ini pulsanya belum masuk. Keterangannya sedang dalam proses. Tetapi tidak ada tanggapan lagi,negatif,
anisah ayu yuliyanti,1,2022-11-05 11:43:35,Tiap kali masuk pasti disuruh hubungi customer service üëéüèº,negatif,
Enjeli P.zaelani,1,2022-11-05 11:43:10,payah narik saldo ggl trus,negatif,
ana log,1,2022-11-05 11:43:06,Danapoly lemot gak niat bikjn game,netral,
Subakti Aryo,4,2022-11-05 11:41:04,keren,positif,
Ok Yes,5,2022-11-05 11:40:31,sangat membantu sekali,positif,
Teguh Trianto,5,2022-11-05 11:40:25,Perbaiki lagih dong,netral,
Indra Ysp,1,2022-11-05 11:39:37,11 danapoly gwe dikerjain sejam muter2 doang.,netral,
qwerty ytrewq,1,2022-11-05 11:38:58,Isiin gw saldo 1jt nanti gw kasih bintang 5,netral,
Alta Bata,5,2022-11-05 11:38:54,mudah dan terpercaya,positif,
Inuel Khusnul,5,2022-11-05 11:38:06,i like it,positif,
Milea adnan husein,5,2022-11-05 11:37:54,bagus aplikasinya,positif,
Aqil Rayyan,4,2022-11-05 11:37:26,ok deh,netral,
Febi Yanti,5,2022-11-05 11:37:22,ok,netral,
Khoerun Masbro,1,2022-11-05 11:36:55,kenapa akon dana saya gak bisa di buka,negatif,
RAFI ASRULI,5,2022-11-05 11:36:42,gg,positif,
Babang Kecil,5,2022-11-05 11:36:21,cukup puas,netral,
Rohman,5,2022-11-05 11:35:38,bangun dan membantu,positif,
Basuki Widayat,1,2022-11-05 11:35:18,Makin lama makin cacat ini aplikasi,negatif,
arvid donorojo,5,2022-11-05 11:35:05,jossss,positif,
Agus,4,2022-11-05 11:32:50,Sudah bagus. Pemakai apk Dana sudah banyak tolong gratis tranfer kalau bisa di tambah ya biar transaksi tranfer lebih banyak dan pelanggan puas. Terima kasih.,positif,
bandi winarno,5,2022-11-05 11:32:24,sangat keren,positif,
Sus jaya Putra,4,2022-11-05 11:32:17,mantap smoga proses nya selalu cepat dan jika ada masalah smoga selalu bisa membantu yg mengalami masalah mantap,positif,
Slamet Riyadi,5,2022-11-05 11:31:41,Semakin maju dana,netral,
Andri Hermawan,1,2022-11-05 11:31:28,Mau transaksi aja sulitnya minta ampun nih apk sistem sibuk terus kacau,negatif,
Tate Sutisna,5,2022-11-05 11:31:18,ada apa dengan aplikasi ini,netral,
Daftar Akun,5,2022-11-05 11:31:18,Ok,netral,
Mahyudi Yudi,5,2022-11-05 11:30:59,cukup memuas kn mkasih aplikasi,netral,
Sumadi,2,2022-11-05 11:30:42,Gimana mau ikutan nambah banyak poin menunya aja di klik cuma loading doang gak bisa kebuka..,negatif,
Kusnia Sabela,5,2022-11-05 11:29:41,alhamdulilah menolong,positif,
Muhamad Syabil,4,2022-11-05 11:28:41,tolong min limit isi saldo dana nya di tambah lagi,netral,
Rizal01 gaming,1,2022-11-05 11:27:24,Hadeh Kok Dana Gw Ke Bekuu Ee Pdhl Gw Jrng Liat dana pas buka dana malah ke Bekuu ee,negatif,
Effendi Shaputra,5,2022-11-05 11:26:57,kenapa ini aplikasinya,netral,
Rahmad Bengkulu,5,2022-11-05 11:25:56,Kenapa saya tidak bisa masuk ke aplikasi dana saya,netral,
Catur Meysarah attalah,5,2022-11-05 11:25:42,good,positif,
Nasrudin Heri,5,2022-11-05 11:24:45,sangat normal,netral,
Kardini. Abm Kardini. Abm,5,2022-11-05 11:22:16,Bguss bgt,positif,
Nahjil Rasyid,1,2022-11-05 11:21:49,Saya beli paket data udah 3 hari gamasuk saldo tidak ada pulsa data tidak masuk tidak ada penyelesaian nya hubungi cs tidak direspon tolong jangan makanin duit orang miskin terus korban nya banyak bukan cuman saya,negatif,
Abdul Syafei9,5,2022-11-05 11:21:48,mantapppp,positif,
Toxic Cilik,1,2022-11-05 11:19:44,Setelah di update malah aneh jadi nya ga bisa isi saldo transaksi ngga bisa dasar apk aneh buruk sangat buruk kalo apk ini udah normal baru saya tambahin bintang,negatif,
herry Heryana,4,2022-11-05 11:18:44,Belum paham seluruhnya tapi mudahan bnyak kebaikan di sini,netral,
Al Azhar,4,2022-11-05 11:18:18,app nya biasa aja,netral,
Les renang Pekalongan,5,2022-11-05 11:17:46,mantap,positif,
iwan Datuk,5,2022-11-05 11:17:31,mantap sangat membantu,positif,
Adi Jayaabadi,4,2022-11-05 11:17:15,bayar,netral,
Syiha Cahya,1,2022-11-05 11:16:11,Masi blum bisa kluar masuk2 ajh,negatif,
sahry Ramadhan,5,2022-11-05 11:15:44,Sangat mudah cara gunanya,positif,
Laras Minteun05,5,2022-11-05 11:14:41,sangat baik pisan,positif,
Salman Alfarizi,3,2022-11-05 11:14:16,makasih,netral,
Ganta Saputra,1,2022-11-05 11:14:13,Susah njir masuk kode otp ganti sandi ganguan trs,negatif,
Indra Kesuma,5,2022-11-05 11:12:39,gimana aktifin akun dana saya,netral,
Cep Dadang,5,2022-11-05 11:12:32,sangat bisa digunakan,positif,
Lativa Avha,5,2022-11-05 11:12:23,terbaik transaksi dengan gratis,positif,
mamun tarabalaga,5,2022-11-05 11:12:15,kooperatif app,positif,
Rusdy Oxigen,5,2022-11-05 11:09:53,sangat membantu,positif,
Abdul Gofur,3,2022-11-05 11:09:48,iya,netral,
Hendi Ariyanto,5,2022-11-05 11:08:42,Maaf bosku saya ingin membuat dana premium kok tidak bisa ya bosku gagal trs,negatif,
Ahmad Roni,5,2022-11-05 11:07:58,Cara komunikasi dengan dana gimana ya boskuh,netral,
Ivan Tayo,1,2022-11-05 11:07:36,apk ini semakin busuk setiap mau transaksi selalu sistem sedang sibuk. sudah 1bulan uang sayah tertahan di apk dana buat beli pulsa tidak bisa apa lagi buat transfer. yg mau download atau top up ke dana lebih baik jangan nanti nasib nya sama seperti saya uang tertahan tidak bisa di ambil gak ada costemer pula,negatif,
Iis Aisah,4,2022-11-05 11:06:28,cukup bagus,netral,
muhamad gita,5,2022-11-05 11:04:57,Hehehe,netral,
Mia25 Pku,1,2022-11-05 11:01:06,Dari pagi aplikasi ini tidak bisa di buka dana saya ketahan tidak bisa di gunakan ???,negatif,
areumdaeun _95,5,2022-11-05 11:00:11,Good,positif,
Nada Putri,5,2022-11-05 10:57:32,apk bagus mempermudah saya bertransaksi,positif,
Azka putra,3,2022-11-05 10:57:17,applikasi normal aja,netral,
Ono Karsono,4,2022-11-05 10:57:02,pembaruan terus,netral,
Adi Vanz,5,2022-11-05 10:54:57,biar kn bintang yg menjawab,netral,
Boy Night,1,2022-11-05 10:54:25,Tolong dong kalau bisa kirim kode OTP lewat via GMAIL karena saya tidak menggunakan jaringan seluler saya hanya menggunakan jaringan LAN/ Wifi plis.i'm stay 1 star,negatif,
Raman noor Maman,5,2022-11-05 10:54:11,Aplikasih bagus,positif,
Ata Riski,4,2022-11-05 10:53:38,menarik,netral,
juanda Nawawi,1,2022-11-05 10:51:53,mulai gk nyaman nih pake akun dana.,negatif,
Yoga Prasetiyo,1,2022-11-05 10:51:27,Jelek bgt sistem sibuk terus klo gini terus beralih ke aplikasi lain,negatif,
Bakhsam sukmajaya,4,2022-11-05 10:51:47,seperti aplikasi lainnya,netral,
